,Brand_name,Trend_Total_Reviews,Month,Year,%positive
0,dove,0,1,2017,0.7475
1,dove,0,1,2017,0.7804154302670623
2,dove,0,1,2017,0.5874809160305343
