,Brand_name,Trend_Total_Reviews_positive,Rank
0,dove,74.88494411571335,2.0
1,loreal,60.916261117637184,3.0
2,pantene,77.57009345794393,1.0
